{
  "host": "localhost",
  "port": 3005,
  "public": "../public/",
  "paginate": {
    "default": 10,
    "max": 500
  },
  "authentication": {
    "entity": "user",
    "service": "/api/users",
    "secret": "WZsavFWin3j8IknYg5fGlD/on10=",
    "authStrategies": ["jwt", "local"],
    "jwtOptions": {
      "header": {
        "typ": "access"
      },
      "audience": "https://yourdomain.com",
      "issuer": "feathers",
      "algorithm": "HS256",
      "expiresIn": "1d"
    },
    "local": {
      "usernameField": "email",
      "passwordField": "password"
    },
    "oauth": {
      "redirect": "/",
      "auth0": {
        "key": "<auth0 oauth key>",
        "secret": "<auth0 oauth secret>",
        "subdomain": "<auth0 subdomain>",
        "scope": ["profile", "openid", "email"]
      }
    }
  },
  "mongodb": "mongodb://localhost:27017/feathers-mongoose"
}
